{"name":"e1461378-a370-4a63-a55a-96044c01a4f0","id":"/providers/Microsoft.Flow/flows/e1461378-a370-4a63-a55a-96044c01a4f0","type":"Microsoft.Flow/flows","properties":{"apiId":"/providers/Microsoft.PowerApps/apis/shared_logicflows","displayName":"v2.2","definition":{"metadata":{"workflowEntityId":null,"processAdvisorMetadata":null,"flowChargedByPaygo":null,"flowclientsuspensionreason":"None","flowclientsuspensiontime":null,"flowclientsuspensionreasondetails":null,"creator":{"id":"d9204594-3b91-49aa-8488-ed98677529a5","type":"User","tenantId":"85c73340-1c24-4f84-9426-72e4d2143da2"},"provisioningMethod":"FromDefinition","failureAlertSubscription":true,"clientLastModifiedTime":"2025-05-15T05:08:06.4543622Z","connectionKeySavedTimeKey":"2025-05-15T05:08:06.4543622Z","creationSource":"Portal","modifiedSources":"Portal"},"$schema":"https://schema.management.azure.com/providers/Microsoft.Logic/schemas/2016-06-01/workflowdefinition.json#","contentVersion":"1.0.0.0","parameters":{"$authentication":{"defaultValue":{},"type":"SecureObject"},"$connections":{"defaultValue":{},"type":"Object"}},"triggers":{"manual":{"type":"Request","kind":"Button","inputs":{"schema":{"type":"object","properties":{},"required":[]}}}},"actions":{"List_rows_present_in_a_table":{"runAfter":{},"metadata":{"01D54L5QHUM6IHM22BEZEYOR3DMMPUSWD3":"/internship.xlsx","tableId":"{A0521C5E-E6DE-4D9C-AAD4-70CC5FA45976}"},"type":"OpenApiConnection","inputs":{"parameters":{"source":"me","drive":"b!Op4Bc_b17k-ieck8t6afKP6CbuT6kFZAh7H6OvgAB0izUZWJaK8pTYQoj0VQuGm7","file":"01D54L5QHUM6IHM22BEZEYOR3DMMPUSWD3","table":"{A0521C5E-E6DE-4D9C-AAD4-70CC5FA45976}"},"host":{"apiId":"/providers/Microsoft.PowerApps/apis/shared_excelonlinebusiness","connectionName":"shared_excelonlinebusiness","operationId":"GetItems"},"authentication":{"value":"@json(decodeBase64(triggerOutputs().headers['X-MS-APIM-Tokens']))['$ConnectionKey']","type":"Raw"}}},"Apply_to_each":{"foreach":"@outputs('List_rows_present_in_a_table')?['body/value']","actions":{"Condition":{"actions":{"Send_an_email_(V2)":{"runAfter":{"Compose":["Succeeded"]},"type":"OpenApiConnection","inputs":{"parameters":{"emailMessage/To":"@items('Apply_to_each')?['Assigned To']","emailMessage/Subject":"Task TBD by @{outputs('Compose')}","emailMessage/Body":"<p class=\"editor-paragraph\">Hey,</p><p class=\"editor-paragraph\">Do these ASAP:</p><br><p class=\"editor-paragraph\">Task: @{items('Apply_to_each')?['Task']}</p><p class=\"editor-paragraph\">Duration: @{items('Apply_to_each')?['Duration']}</p><p class=\"editor-paragraph\">Due Date: @{outputs('Compose')}</p><p class=\"editor-paragraph\">Regards,</p><p class=\"editor-paragraph\">CEO.</p>","emailMessage/Importance":"Normal"},"host":{"apiId":"/providers/Microsoft.PowerApps/apis/shared_office365","connectionName":"shared_office365","operationId":"SendEmailV2"},"authentication":{"value":"@json(decodeBase64(triggerOutputs().headers['X-MS-APIM-Tokens']))['$ConnectionKey']","type":"Raw"}}},"Update_a_row":{"runAfter":{"Send_an_email_(V2)":["Succeeded"]},"metadata":{"01D54L5QHUM6IHM22BEZEYOR3DMMPUSWD3":"/internship.xlsx","tableId":"{A0521C5E-E6DE-4D9C-AAD4-70CC5FA45976}"},"type":"OpenApiConnection","inputs":{"parameters":{"source":"me","drive":"b!Op4Bc_b17k-ieck8t6afKP6CbuT6kFZAh7H6OvgAB0izUZWJaK8pTYQoj0VQuGm7","file":"01D54L5QHUM6IHM22BEZEYOR3DMMPUSWD3","table":"{A0521C5E-E6DE-4D9C-AAD4-70CC5FA45976}","idColumn":"Task","id":"@items('Apply_to_each')?['Task']","item/Status":"Assigned"},"host":{"apiId":"/providers/Microsoft.PowerApps/apis/shared_excelonlinebusiness","connectionName":"shared_excelonlinebusiness","operationId":"PatchItem"},"authentication":{"value":"@json(decodeBase64(triggerOutputs().headers['X-MS-APIM-Tokens']))['$ConnectionKey']","type":"Raw"}}},"Compose":{"type":"Compose","inputs":"@formatDateTime(addDays('1899-12-30', int(item()?['Due Date'])), 'dd-MM-yyyy')"}},"else":{"actions":{}},"expression":{"and":[{"not":{"equals":["@items('Apply_to_each')?['Assigned To']","NULL"]}},{"equals":["@items('Apply_to_each')?['Status']","Pending"]}]},"type":"If"}},"runAfter":{"List_rows_present_in_a_table":["Succeeded"]},"type":"Foreach"}},"outputs":{}},"connectionReferences":{"shared_excelonlinebusiness":{"connectionName":"d18ecb09d47e4bcbb46dc858b97c5ace","source":"Invoker","id":"/providers/Microsoft.PowerApps/apis/shared_excelonlinebusiness","tier":"NotSpecified","apiName":"excelonlinebusiness"},"shared_office365":{"connectionName":"shared-office365-84c379b0-c02a-461c-b0c1-938418d3585a","source":"Invoker","id":"/providers/Microsoft.PowerApps/apis/shared_office365","tier":"NotSpecified","apiName":"office365"}},"flowFailureAlertSubscribed":false,"isManaged":false}}